Carrillo,Emily,3,5,2,1,4
Leal,Lucy,2,5,3,1,4
Nguyen,Muna,3,5,2,1,4
Memeti,Rudwan,2,3,1,5,4
Gottimukala,Amina,5,3,1,2,4
Hagen,Aisha,1,2,3,4,5
Brandl,Sergio,2,1,5,4,3
Mccarl,Rudwan,2,5,1,3,4
Saw Tamalar,Rudwan,3,2,4,1,5
Zobitz,Elliott,4,2,5,1,3
Sorensen,Zach,3,4,5,1,2
Pattanayak,Sumayyah,5,2,3,4,1
Gottimukala,Faiaz,1,4,2,5,3
Voyles,Jamila,4,3,5,1,2
Adem,Sadaq,1,2,4,3,5
Osman,Vincent,5,3,2,4,1
Larson,Erik,3,1,5,4,2
Belayneh,Amina,2,3,4,1,5
Flint,Ari,4,5,1,2,3
Lovelace,Moua,4,5,3,2,1
Ali,Faiaz,3,2,4,5,1
Ahmed,Eric,5,4,3,2,1
Ahmed,Khaalid,1,5,3,2,4
Abdi,Collin,4,1,3,5,2
Bryan,Keiran,3,5,2,1,4
Czech,Khadro,3,2,4,5,1
Mckinnon,Brian,5,1,3,4,2
Vo,Guleid,5,3,2,1,4
Belik,Kebba,4,3,1,2,5
Ng,Katelynn,3,4,2,5,1
Brandl,Brooklyn,5,2,3,4,1
Ali,Ryan,2,3,4,5,1
Xiong,Mackenzie,2,5,4,3,1
Pattanayak,Mohamud,5,4,3,1,2
Flint,Kwadwo,4,3,2,1,5
Belik,Chris,3,5,2,4,1
Davidson,Chris,5,2,1,3,4
Ochoa Martinez,Khaalid,5,3,4,2,1
Lovelace,Guleid,4,5,1,2,3
OKeefe,Karen,5,2,3,1,4
Yang,Sundus,3,5,2,1,4
Nguyen,Mohamud,4,3,2,1,5
Ellis,Amy,4,3,1,2,5
Alvarado,Emily,1,5,2,3,4
Hersi,Luke,3,2,5,4,1
Pattanayak,Anna,4,2,5,3,1
Nguyen,Jocelyn,3,1,5,2,4
Steinmetz,Brian,4,1,5,3,2
Bigwood,Myles,2,1,3,4,5
Chen,Melissa,3,4,5,1,2
Wadhawan,Chelsey,2,5,1,3,4
Adem,Hamsa,4,2,3,5,1
Adan,Ethan,5,2,4,1,3
Bigwood,Andy,5,1,2,4,3
Ahmed,Myles,2,5,3,1,4
Xiong,Angel,4,3,1,5,2
Brandl,Liban,2,3,1,5,4
Yusuf,Taha,5,1,4,3,2
Ellis,Ari,1,4,3,5,2
Mohamud,Khadro,3,2,4,5,1
Atto,Brian,1,2,4,5,3
Warns,Nikita,3,1,5,4,2
Maxmud,Nikita,3,5,2,1,4
Chen,Guleid,5,3,2,1,4
Tran,Mohamed,2,1,5,4,3
Larson,Amy,3,5,1,2,4
Sati,Andy,2,5,4,1,3
Sorensen,Leah,1,2,4,3,5
Abdi,Leah,4,5,3,2,1
OKeefe,Max,4,5,1,3,2
Mccarl,Leban,3,4,1,5,2
Xiong,Chris,2,3,5,1,4
Memeti,Kodjo,5,3,4,2,1
Haines,Thor,3,2,4,1,5
Vang,Josh,5,3,4,1,2
Czech,Brooklyn,4,5,3,1,2
Maxmud,Talib,1,3,5,2,4
Maxmud,Ethan,5,4,1,2,3
Edow,Talib,5,3,4,1,2
Ahmed,Odin,5,1,3,4,2
Nguyen,Ermais,1,5,4,2,3
Brandl,Jaron,1,2,4,5,3
Zobitz,Derek,3,1,5,4,2
Yang,Everett,2,4,1,5,3
Mohamed,Bailey,2,3,1,5,4
Ramales,Rahma,5,1,2,3,4
Bryan,Collin,3,2,5,4,1
Adan,Thor,2,3,1,5,4
Kempenich,Guleid,5,3,1,4,2
Abdullahi,Bailey,1,5,2,4,3
Ochoa Martinez,Chris,4,1,3,2,5
Abdi,Mohamed,1,2,3,5,4
Adan,Katelynn,5,1,4,3,2
Carrillo,Taha,2,5,4,3,1
Owusu,Keenan,2,3,4,1,5
Doree,Skyler,2,5,1,4,3
Mohamed,Jacob,5,3,4,1,2
Xiong,Vincent,4,2,5,1,3
Chen,Ivan,4,3,2,5,1
Pattanayak,Sumayyah,1,4,3,5,2
Bashige,Katelynn,3,2,1,5,4
Carrillo,Ayden,3,2,5,4,1
Clark,Khalid,1,2,4,5,3
Edow,Joshua,5,3,4,1,2
Yang,Brandon,3,2,4,5,1
Hopper,Odin,5,4,1,3,2
Vo,Chris,2,5,4,1,3
Sorensen,Nathan,5,4,1,2,3
Mensah,Katelynn,2,4,1,3,5
Hagen,Anna,5,4,3,1,2
Bashige,Ariana,5,2,4,1,3
Mckinnon,Nikita,3,2,4,1,5
Atto,Keenan,3,2,1,4,5
Ahmed,Elias,4,5,2,3,1
Mensah,Hannah,4,2,3,5,1
Averbeck,Kebba,2,4,1,5,3
Ng,Josh,1,3,2,5,4
Crowe,Josh,4,1,2,5,3
Ahmed,Miguel,5,3,2,4,1
Ochoa Martinez,Jocelyn,4,1,2,5,3
Lee,Chris,1,5,3,2,4
Belayneh,Walta,5,3,4,2,1
Osman,Emily,1,5,4,3,2
Osman,Hodan,2,1,4,5,3
OKeefe,Sumayyah,2,1,4,3,5
Edow,Najma,1,4,5,3,2
Warns,Kwadwo,4,5,1,3,2
Ahmed,Mohamed,1,3,5,4,2
Moktar,Rahma,5,2,3,1,4
Vo,Zak,1,4,2,3,5
Ochoa Martinez,Amy,2,1,4,3,5
Fatty,Johnny,3,5,1,2,4
Abukar,Luke,4,1,2,5,3
Kempenich,Khaalid,3,2,4,5,1
Mensah,Sean,4,2,3,1,5
Abdullahi,Pao,3,1,5,4,2
Steinmetz,Zakaria,1,5,2,4,3
Abukar,Tommy,1,5,2,4,3
Atto,Christopher,5,1,3,4,2
Belayneh,Justin,5,3,4,1,2
Hopper,Drew,1,2,3,4,5
Lee,Adna,2,4,1,5,3
Maxmud,Katie,2,3,1,5,4
Abdi,Liban,1,5,4,3,2
Leal,Miguel,1,5,2,4,3
Czech,Jaron,4,3,2,1,5
Bashige,Long,1,4,3,2,5
Alvarado,Awal,5,2,3,1,4
Mensah,Matt,4,1,5,3,2
Memeti,Long,1,4,5,3,2
Carrillo,Yuva,2,1,3,4,5
Vang,Lucy,2,5,1,4,3
Moktar,Jocelyn,1,2,5,3,4
Lee,Bjorn,2,1,3,4,5
Abdullahi,Betelehem,3,4,2,1,5
Owusu,Miriam,1,2,3,5,4
Chafee,Najma,2,5,4,3,1
Adem,Katie,3,1,2,5,4
Mccarl,Leah,2,1,5,4,3
Edow,Vinny,4,5,1,2,3
Averbeck,Linus,4,2,1,3,5
Mensah,Elliott,4,5,3,1,2
Boyer,Skyler,5,3,1,2,4
Ali,Khaalid,4,5,2,3,1
Mohammad,Krystal,1,3,5,4,2
Yusuf,Ivan,2,1,4,5,3
Adan,Katelynn,2,4,3,5,1
Hersi,Sumayyah,2,5,3,1,4
Averbeck,Adna,1,5,2,4,3
Memeti,Guleid,1,3,5,2,4
Chen,Hodan,1,4,5,3,2
Fatty,Jason,5,4,2,1,3
Chen,Gabriel,4,5,1,3,2
Memeti,Ivan,3,2,1,5,4
Boyer,Amy,3,4,2,5,1
Saw Tamalar,Timothy,4,2,1,5,3
Abdullahi,Esmeralda,3,2,1,5,4
Xiong,Leah,1,4,5,2,3
Ochoa Martinez,Rudwan,2,1,4,5,3
Warns,Miguel,5,2,3,4,1
Abdi,Jeffrey,1,4,5,2,3
Abukar,Brian,4,5,2,1,3
Pattanayak,Xera,2,5,3,1,4
Ochoa Martinez,Ella,3,2,5,1,4
Crowe,Xera,2,1,5,3,4
Gottimukala,Erica,2,3,5,4,1
Yusuf,Ivan,1,5,4,2,3
Mccarl,Karen,1,4,2,3,5
Xiong,Rahma,4,2,5,1,3
Mccarl,Brian,2,4,5,1,3
Atto,Doua,5,3,2,4,1
Owusu,Moua,2,4,1,5,3
Tran,Pavel,1,5,3,2,4
Larson,Lucy,2,4,3,1,5
Mohamed,Jaron,3,5,2,1,4
Abukar,Zakaria,1,5,3,4,2
Tran,Saryn,1,5,3,2,4
Larson,Chelsey,3,4,5,2,1
Hersi,Hannah,1,5,3,2,4
Averbeck,Sundus,2,1,4,5,3
